A,R,N,D,C,Q,E,G,H,I,L,K,M,F,P,S,T,W,Y,V
NA,NA,NA,NA,NA,NA,NA,NA,NA,NA,NA,NA,NA,NA,NA,NA,NA,NA,NA,NA
0.138658764751059,NA,NA,NA,NA,NA,NA,NA,NA,NA,NA,NA,NA,NA,NA,NA,NA,NA,NA,NA
0.053366578714518,0.161000889039552,NA,NA,NA,NA,NA,NA,NA,NA,NA,NA,NA,NA,NA,NA,NA,NA,NA,NA
0.584852305649886,0.006771842532277,7.73739287051356,NA,NA,NA,NA,NA,NA,NA,NA,NA,NA,NA,NA,NA,NA,NA,NA,NA
0.026447095116683,0.16720700818221,1.30249856764315E-05,0.014132062548787,NA,NA,NA,NA,NA,NA,NA,NA,NA,NA,NA,NA,NA,NA,NA,NA
0.353753981649393,3.29271694159791,0.530642655337477,0.145469388422239,0.002547333979668,NA,NA,NA,NA,NA,NA,NA,NA,NA,NA,NA,NA,NA,NA,NA
1.4842345032161,0.124897616909194,0.061652192187323,5.37051127867923,3.91106992668137E-11,1.19562912226203,NA,NA,NA,NA,NA,NA,NA,NA,NA,NA,NA,NA,NA,NA
1.13231312248046,1.19062446519178,0.322524647863997,1.93483278448943,0.116941459124876,0.108051341246072,1.59309882471598,NA,NA,NA,NA,NA,NA,NA,NA,NA,NA,NA,NA,NA
0.214757862168721,1.87956993845887,1.38709603234116,0.887570549414031,0.021844616695952,5.33031341222104,0.256491863423002,0.058774527425067,NA,NA,NA,NA,NA,NA,NA,NA,NA,NA,NA,NA
0.149926734229061,0.246117171830255,0.21857197541607,0.014085917499381,0.001112158073141,0.028839950299454,0.014210711868527,1.62662283098296E-05,0.243190142026506,NA,NA,NA,NA,NA,NA,NA,NA,NA,NA,NA
0.023116951526406,0.296045557460629,0.000835873174543,0.005730682085253,0.005613627249164,1.02036695531654,0.016499535540562,0.006516229376765,0.321611693603646,3.51207228207807,NA,NA,NA,NA,NA,NA,NA,NA,NA,NA
0.474333610192982,15.3000966197798,2.6468479652886,0.290042980143818,3.83228119049152E-06,2.559587177122,3.88148880863814,0.264148929349066,0.347302791211758,0.227707997165566,0.129223639195248,NA,NA,NA,NA,NA,NA,NA,NA,NA
0.058745423150864,0.890162345593224,0.005251687788531,0.041762963730502,0.111457310321926,0.190259181297527,0.313974351356074,0.001500466922693,0.001273508905081,9.01795420287895,6.74693648486614,1.33129161941264,NA,NA,NA,NA,NA,NA,NA,NA
0.080490909432037,0.01605503147676,0.000836445615591,1.0600102849456E-06,0.10405366623526,0.032680657013747,0.001003500825187,0.001236644954129,0.119028506158521,1.46335727834648,2.98680003596399,0.319895904499071,0.279910508981581,NA,NA,NA,NA,NA,NA,NA
0.659311477863896,0.154027179890711,0.036441771906322,0.188539456415654,1.59312060172652E-13,0.712769599068934,0.319558828428154,0.038631761455349,0.924466914225534,0.080543326815037,0.634308520867322,0.195750631825315,0.056869321651355,0.007132430466164,NA,NA,NA,NA,NA,NA
3.01134451903854,0.950138410087378,3.88131053061457,0.338372183381345,0.336263344504404,0.487822498528951,0.307140298031341,1.58564657669139,0.580704249811294,0.290381075260226,0.570766693213698,0.283807671568883,0.007026588287394,0.996685669575839,2.08738534433198,NA,NA,NA,NA,NA
5.4182981753166,0.183076905018197,2.14033231636063,0.135481232622983,0.011975265782196,0.60234096342392,0.2801248951174,0.018808029949097,0.368713573381758,2.90405228596936,0.044926356675385,1.52696419998775,2.03151132062208,0.000134906239484,0.54225109402693,2.2068599339404,NA,NA,NA,NA
0.195966354027106,1.36942940801512,0.000536284040017,1.4893873721753E-05,0.094106680096997,0.044020520083305,0.155245492137294,0.196486447133033,0.022372919108897,0.032132149958551,0.431277662888057,4.97641445484395E-05,0.070460038524566,0.814753093809928,0.000431020702277,0.099835752701425,0.207066205546908,NA,NA,NA
0.018289288224535,0.099855497252439,0.373101926513925,0.525398542949365,0.601692431136271,0.072205935407955,0.104092870343653,0.074814997097262,6.44895444648517,0.273934263183281,0.340058468374384,0.012416221550612,0.874272174533394,5.39392424532822,0.000182294881489,0.392552239890831,0.124898020409882,0.42775543040588,NA,NA
3.53200526987468,0.103964386383736,0.010257517245025,0.297123975243582,0.054904563949239,0.406697814049488,0.285047948309311,0.337229618868315,0.098631354665327,14.3940521944257,0.890598579382591,0.073127929637268,4.90484223478739,0.592587985458668,0.058971975151169,0.088256423297972,0.654109108255219,0.256900461407996,0.167581646770807,NA
