"","hydrophobicity","is_tmh","binds_mhc1","binds_mhc2"
"1",-1.475,0,0,0
"2",-1.9,0,0,0
"3",-0.985,0,0,0
"4",-0.835,0,0,0
"5",0.545,0,1,0
"6",0.415,0,0,0
"7",-0.235,0,0,0
"8",-1.035,0,0,0
"9",0.68,0,0,0
"10",0.175,0,1,0
"11",-0.085,0,0,0
"12",-0.77,0,0,0
"13",1.585,0,1,0
"14",-0.575,0,0,0
"15",0.96,0,1,0
"16",1.34,0,1,0
"17",0.33,0,1,0
"18",-0.99,0,0,0
"19",-0.62,0,0,0
"20",0.885,0,0,0
"21",-0.21,0,0,0
"22",-0.17,0,0,0
"23",-1.245,0,0,0
"24",0.58,0,1,0
"25",0.07,0,0,0
"26",1.37,0,1,0
"27",-0.32,0,0,0
"28",0.565,0,0,0
"29",0.12,0,0,0
"30",-1.14,0,0,0
"31",-0.405,0,0,0
"32",0.525,0,1,0
"33",0.095,0,0,0
"34",0.06,0,1,0
"35",0.815,0,1,0
"36",-0.165,0,0,0
"37",-1.92,0,0,0
"38",0.66,0,1,0
"39",0.295,0,1,0
"40",-1.38,0,0,0
"41",1.85,0,1,0
"42",0.095,0,1,0
"43",-0.27,0,1,0
"44",-0.365,0,0,0
"45",-2.01,0,0,0
"46",-0.92,0,0,0
"47",0.035,0,1,0
"48",-0.565,0,1,0
"49",0.855,0,1,0
"50",-1.075,0,0,0
"51",-0.27,0,0,0
"52",0.53,0,0,0
"53",-0.715,0,0,0
"54",-1.525,0,0,0
"55",0.79,0,0,0
"56",0.565,0,1,0
"57",1.675,0,1,0
"58",0.205,0,0,0
"59",0.475,0,1,0
"60",-1.015,0,0,0
"61",-0.015,0,1,0
"62",0.555,0,0,0
"63",0.96,0,0,0
"64",-0.78,0,0,0
"65",-0.39,0,0,0
"66",-0.59,0,1,0
"67",0.72,0,0,0
"68",-1.61,0,0,0
"69",0.435,0,0,0
"70",0.165,0,0,0
"71",-0.75,0,1,0
"72",-0.29,0,0,0
"73",-2.275,0,0,0
"74",-0.15,0,0,0
"75",0.965,0,0,0
"76",-0.14,0,1,0
"77",-1.91,0,0,0
"78",-1.085,0,0,0
"79",-0.285,0,0,0
"80",-1.58,0,0,0
"81",0.89,0,1,0
"82",1.025,0,1,1
"83",-1.31,0,0,0
"84",1.26,0,1,0
"85",-1.255,0,0,0
"86",-1.57,0,0,0
"87",1.4,0,0,0
"88",-1.04,0,1,0
"89",-0.425,0,0,0
"90",-0.525,0,0,0
"91",0.435,0,1,0
"92",-0.65,0,0,0
"93",-0.45,0,0,0
"94",0.085,0,1,0
"95",-0.235,0,0,0
"96",0.56,0,1,0
"97",-0.375,0,0,0
"98",0.93,0,0,0
"99",-0.29,0,0,0
"100",0.00499999999999998,0,0,0
"101",0.125,0,1,0
"102",-1.765,0,1,0
"103",-1.105,0,0,0
"104",-0.025,0,1,0
"105",-1.35,0,0,0
"106",-1.35,0,0,0
"107",-0.95,0,0,0
"108",0.935,0,1,0
"109",-0.61,0,0,0
"110",-1.845,0,1,0
"111",0.865,0,1,0
"112",1.095,0,0,0
"113",0.565,0,1,0
"114",0.765,0,0,0
"115",-1.645,0,0,0
"116",-1.505,0,0,0
"117",-1.855,0,0,0
"118",-0.765,0,0,0
"119",-0.44,0,0,0
"120",0.025,0,1,0
"121",0.545,0,0,0
"122",-0.185,0,0,0
"123",-0.6,0,0,0
"124",-0.08,0,0,0
"125",-1.335,0,0,0
"126",1.015,0,1,0
"127",-0.47,0,1,0
"128",-0.205,0,1,0
"129",-0.225,0,1,0
"130",0.84,0,1,0
"131",0.015,0,1,0
"132",-0.585,0,0,0
"133",0.965,0,0,0
"134",1.47,0,0,0
"135",-0.205,0,1,0
"136",0.115,0,0,0
"137",-1.795,0,0,0
"138",-1.095,0,1,0
"139",0.905,0,1,0
"140",-1.975,0,0,0
"141",0.315,0,1,0
"142",0.17,0,1,0
"143",0.965,0,1,0
"144",-1.105,0,0,0
"145",0.925,0,1,0
"146",-1.51,0,0,0
"147",-0.305,0,0,0
"148",-1.595,0,0,0
"149",-0.3,0,1,0
"150",0.88,0,1,0
"151",-0.66,0,0,0
"152",1.73,0,1,0
"153",0.08,0,1,0
"154",-0.315,0,1,0
"155",0.125,0,0,0
"156",-1.295,0,0,0
"157",-0.405,0,1,0
"158",-0.27,0,1,1
"159",-0.7,0,1,0
"160",1,0,0,0
"161",-1.585,0,0,0
"162",1.05,0,0,0
"163",-0.445,0,0,0
"164",-0.335,0,1,0
"165",0.895,0,1,0
"166",-0.69,0,0,0
"167",0.155,0,1,0
"168",-1.04,0,0,0
"169",-2.43,0,0,0
"170",-1.19,0,0,0
"171",0.365,0,1,0
"172",1.145,0,1,0
"173",0.5,0,0,0
"174",0.14,0,1,0
"175",-1.05,0,1,0
"176",-1.475,0,0,0
"177",-0.355,0,1,0
"178",-0.14,0,0,0
"179",-0.21,0,1,0
"180",0.085,0,1,0
"181",0.54,0,0,0
"182",-0.685,0,0,0
"183",-0.87,0,0,0
"184",0.565,0,1,0
"185",-1.235,0,0,0
"186",0.335,0,0,0
"187",0.075,0,0,0
"188",-0.27,0,0,0
"189",0.965,0,0,0
"190",-1.14,0,0,0
"191",-0.78,0,0,0
"192",-1.525,0,1,0
"193",0.48,0,0,0
"194",-0.335,0,1,0
"195",0.54,0,1,0
"196",-0.74,0,1,0
"197",0.08,0,0,0
"198",-1.5,0,0,0
"199",0.95,0,1,0
"200",-1.96,0,0,0
"201",-0.425,0,0,0
"202",-0.05,0,1,0
"203",-1.925,0,0,0
"204",-0.205,0,1,0
"205",-0.475,0,0,0
"206",0.455,0,0,0
"207",0.9,0,0,0
"208",-0.18,0,0,0
"209",0.54,0,0,0
"210",-0.27,0,0,0
"211",0.575,0,1,0
"212",-0.73,0,0,0
"213",-1.505,0,0,0
"214",-2.915,0,0,0
"215",0.74,0,1,0
"216",-0.155,0,1,0
"217",-2.295,0,0,0
"218",-1.175,0,0,0
"219",-0.585,0,0,0
"220",-0.26,0,0,0
"221",-0.68,0,0,0
"222",-1.77,0,0,0
"223",-0.57,0,0,0
"224",0.37,0,1,0
"225",0.145,0,1,0
"226",-1.52,0,0,0
"227",0.185,0,0,0
"228",-1.49,0,0,0
"229",-0.435,0,0,0
"230",-2.325,0,0,0
"231",-1.025,0,0,0
"232",-1.32,0,0,0
"233",-0.42,0,0,1
"234",-0.645,0,0,0
"235",-0.925,0,0,0
"236",-0.365,0,0,0
"237",-1.43,0,1,0
"238",0.51,0,1,1
"239",0.475,0,0,0
"240",0.505,0,1,0
"241",1.815,0,1,0
"242",-1.475,0,0,0
"243",0.92,0,1,0
"244",0.21,0,0,1
"245",-0.175,0,0,0
"246",1.32,0,1,0
"247",-1.54,0,0,0
"248",-1.3,0,0,0
"249",-1.155,0,0,0
"250",-0.27,0,1,0
"251",-0.195,0,0,0
"252",1.395,0,0,0
"253",-0.445,0,1,0
"254",-1.205,0,0,0
"255",-0.36,0,0,0
"256",-0.325,0,0,0
"257",0.54,0,1,0
"258",0.825,0,1,0
"259",-0.54,0,0,0
"260",0.21,0,0,0
"261",-0.635,0,0,0
"262",1.335,0,1,0
"263",-0.69,0,0,0
"264",-0.175,0,0,0
"265",-1.625,0,0,0
"266",-1.73,0,1,0
"267",-0.685,0,0,0
"268",-1.24,0,0,0
"269",0.25,0,1,0
"270",-0.165,0,0,0
"271",-0.67,0,1,0
"272",-2.315,0,0,0
"273",-1.2,0,0,0
"274",0.11,0,1,0
"275",-0.285,0,1,0
"276",0.535,0,0,0
"277",0.18,0,1,0
"278",-0.655,0,0,0
"279",-0.625,0,0,0
"280",-0.38,0,0,0
"281",-0.375,0,0,0
"282",-0.18,0,0,0
"283",-0.76,0,0,0
"284",0.24,0,1,0
"285",0.93,0,1,0
"286",-1.045,0,0,0
"287",-0.99,0,0,0
"288",-0.63,0,0,0
"289",-0.69,0,0,0
"290",0.22,0,0,0
"291",-1.025,0,0,0
"292",-0.56,0,0,0
"293",-1.06,0,0,0
"294",-0.32,0,0,0
"295",0.27,0,0,0
"296",0.615,0,1,0
"297",-0.11,0,1,0
"298",-0.87,0,0,0
"299",0.59,0,1,0
"300",-0.73,0,0,0
"301",0.51,0,1,0
"302",-0.175,0,0,0
"303",0.215,0,0,0
"304",-1.945,0,0,0
"305",-0.425,0,0,0
"306",-1.12,0,0,0
"307",-2.325,0,0,0
"308",-0.7,0,0,0
"309",-0.695,0,0,0
"310",-0.05,0,0,0
"311",-0.32,0,1,0
"312",1.88,0,1,0
"313",0.72,0,1,0
"314",-0.945,0,0,0
"315",-2.71,0,0,0
"316",-0.29,0,1,0
"317",-0.32,0,0,1
"318",0.065,0,1,0
"319",-0.185,0,1,0
"320",0.065,0,0,0
"321",0.96,0,1,0
"322",-0.41,0,0,0
"323",1.04,0,0,0
"324",-0.57,0,0,0
"325",0.055,0,1,0
"326",2.14,0,1,0
"327",-1.025,0,0,0
"328",-1.105,0,0,0
"329",-0.295,0,0,0
"330",-1.57,0,0,0
"331",-0.405,0,0,0
"332",0.1,0,1,0
"333",-0.745,0,0,0
"334",-1.1,0,0,0
"335",-1,0,0,0
"336",0.355,0,0,0
"337",-0.345,0,0,0
"338",-0.05,0,1,0
"339",0.8,0,0,0
"340",-1.225,0,0,0
"341",-0.75,0,0,0
"342",-1.065,0,0,0
"343",0.045,0,1,0
"344",-0.575,0,0,0
"345",-2.245,0,0,0
"346",-1.13,0,0,0
"347",-2.21,0,0,0
"348",-0.65,0,0,0
"349",0.545,0,0,0
"350",-0.355,0,0,0
"351",-1.07,0,0,0
"352",-1.93,0,0,0
"353",1.195,0,1,0
"354",-0.33,0,0,0
"355",0.855,0,0,0
"356",-0.875,0,0,0
"357",-0.245,0,0,0
"358",-0.115,0,0,0
"359",-0.17,0,0,0
"360",-0.52,0,0,0
"361",0.46,0,0,0
"362",-1.83,0,0,0
"363",0.585,0,0,0
"364",-0.505,0,0,0
"365",-1.105,0,0,0
"366",0.11,0,0,0
"367",-1.595,0,0,0
"368",0.00999999999999999,0,0,0
"369",-0.42,0,1,0
"370",-1.87,0,0,0
"371",0.53,0,0,1
"372",-2.29,0,0,0
"373",0.015,0,0,0
"374",0.485,0,0,0
"375",1.905,0,0,0
"376",-1.53,0,0,0
"377",-0.7,0,0,0
"378",1.24,0,1,0
"379",0.145,0,0,0
"380",0.085,0,1,0
"381",0.83,0,0,0
"382",0.03,0,0,0
"383",0.55,0,0,0
"384",-1.425,0,0,0
"385",-2.4,0,0,0
"386",-0.645,0,0,0
"387",-0.355,0,1,0
"388",-0.225,0,0,0
"389",-0.225,0,0,0
"390",0.235,0,1,0
"391",-0.135,0,0,0
"392",0.64,0,0,0
"393",-0.695,0,0,0
"394",0.735,0,0,0
"395",-0.16,0,0,0
"396",-0.64,0,0,0
"397",0.53,0,1,0
"398",-0.8,0,0,0
"399",-0.655,0,1,0
"400",-1.095,0,0,0
"401",0.19,0,1,0
"402",0.55,0,1,0
"403",-0.045,0,0,0
"404",-2,0,0,0
"405",-1.14,0,0,0
"406",-1.215,0,1,0
"407",0.25,0,1,0
"408",-1.15,0,1,0
"409",0.21,0,1,0
"410",0.885,0,0,0
"411",-0.55,0,0,0
"412",-0.475,0,0,0
"413",-0.31,0,0,0
"414",0.125,0,0,0
"415",-1.085,0,0,0
"416",-0.97,0,0,0
"417",-1.155,0,0,0
"418",0.275,0,0,0
"419",-0.98,0,0,0
"420",-0.56,0,0,0
"421",-0.77,0,0,0
"422",0.91,0,1,0
"423",-0.975,0,0,0
"424",-0.315,0,0,0
"425",1.32,0,1,0
"426",-1.08,0,0,0
"427",-0.16,0,0,0
"428",1.395,0,1,0
"429",0.44,0,0,1
"430",0.135,0,0,0
"431",-0.225,0,0,0
"432",0.04,0,1,0
"433",-0.525,0,0,0
"434",1.065,0,0,0
"435",-1.55,0,0,0
"436",-0.905,0,1,0
"437",-0.34,0,0,0
"438",-0.755,0,1,0
"439",-1.95,0,0,0
"440",-1.175,0,0,0
"441",-0.555,0,0,0
"442",-0.035,0,1,0
"443",1.7,0,1,0
"444",-0.845,0,0,1
"445",0.41,0,0,0
"446",0.345,0,1,0
"447",-0.155,0,0,0
"448",-0.055,0,0,0
"449",0.69,0,1,0
"450",0.2,0,0,0
"451",-0.78,0,0,0
"452",-0.555,0,0,0
"453",-0.64,0,0,0
"454",-0.28,0,0,0
"455",1.035,0,1,0
"456",0.23,0,0,0
"457",0.395,0,0,0
"458",-1.84,0,1,0
"459",0.16,0,0,0
"460",1.43,0,1,0
"461",0.88,0,1,0
"462",0.695,0,0,0
"463",0.03,0,0,0
"464",-0.975,0,0,0
"465",0.505,0,1,0
"466",-0.245,0,0,0
"467",0.375,0,1,0
"468",0.1,0,0,0
"469",-0.35,0,0,0
"470",0.93,0,1,1
"471",0.14,0,1,0
"472",1.28,0,1,0
"473",-1.15,0,0,0
"474",0.595,0,1,0
"475",0.075,0,1,0
"476",-1.085,0,0,0
"477",-0.795,0,0,0
"478",-0.64,0,0,0
"479",1.315,0,0,0
"480",-0.69,0,0,0
"481",-0.52,0,0,0
"482",1.015,0,1,0
"483",0.285,0,1,0
"484",-0.25,0,0,0
"485",-0.36,0,1,0
"486",0.115,0,0,0
"487",0.84,0,1,0
"488",0.295,0,0,0
"489",0.605,0,0,0
"490",-0.815,0,0,0
"491",-1.405,0,0,0
"492",-0.11,0,0,0
"493",-1.08,0,0,0
"494",0.645,0,1,0
"495",-0.26,0,1,0
"496",0.16,0,0,0
"497",1.115,0,0,0
"498",0.89,0,1,0
"499",-0.625,0,0,0
"500",-0.065,0,0,0
"501",0.245,0,0,0
"502",-0.005,0,1,0
"503",-0.11,0,0,0
"504",-2.295,0,0,0
"505",-0.22,0,1,0
"506",2.22044604925031e-17,0,0,0
"507",-1.56,0,0,0
"508",0.045,0,0,0
"509",0.1,0,1,0
"510",0.165,0,0,0
"511",1.74,0,0,0
"512",0.035,0,1,0
"513",0.58,0,0,0
"514",-0.66,0,0,0
"515",-0.46,0,0,0
"516",-0.29,0,0,0
"517",-0.395,0,1,0
"518",0.725,0,1,0
"519",-0.725,0,0,0
"520",-0.385,0,0,0
"521",-0.66,0,0,0
"522",-1.355,0,0,0
"523",-0.025,0,0,0
"524",1.02,0,1,0
"525",-0.04,0,1,0
"526",-1.11,0,0,0
"527",-1.45,0,0,0
"528",0.36,0,0,0
"529",-0.505,0,0,0
"530",-2.31,0,0,0
"531",1.77,0,0,0
"532",-0.72,0,0,0
"533",-1.08,0,0,0
"534",-1.055,0,0,0
"535",-1.11,0,0,0
"536",1.835,0,1,0
"537",-1.54,0,0,0
"538",-0.65,0,0,0
"539",-0.275,0,1,0
"540",-1.44,0,0,0
"541",0.55,0,0,1
"542",-0.96,0,0,0
"543",0.88,0,1,0
"544",0.915,0,1,0
"545",-0.295,0,0,0
"546",0.625,0,1,0
"547",0.215,0,0,0
"548",0.27,0,1,0
"549",-0.71,0,0,0
"550",-0.84,0,0,0
"551",-0.125,0,0,0
"552",-1.54,0,0,0
"553",-0.69,0,0,0
"554",-0.37,0,0,0
"555",-0.655,0,1,0
"556",0.25,0,0,0
"557",0.88,0,1,0
"558",-1.195,0,1,0
"559",-0.96,0,0,0
"560",-1.355,0,0,0
"561",-0.0849999999999999,0,0,0
"562",-1.07,0,0,0
"563",0.43,0,0,0
"564",-0.875,0,0,0
"565",0.61,0,1,0
"566",-0.695,0,0,0
"567",-1.78,0,0,0
"568",-1.425,0,1,0
"569",-1.55,0,0,0
"570",-2.2,0,0,0
"571",-0.705,0,0,0
"572",0.64,0,0,0
"573",1.39,0,1,0
"574",-1.105,0,0,0
"575",-0.535,0,0,0
"576",-0.385,0,0,0
"577",-0.66,0,0,0
"578",-0.775,0,0,0
"579",-1.49,0,0,0
"580",2.645,0,1,0
"581",-0.265,0,1,0
"582",0.11,0,1,0
"583",0.545,0,0,0
"584",0.55,0,1,0
"585",-0.07,0,0,0
"586",-0.315,0,1,0
"587",0.62,0,1,0
"588",-1.29,0,0,0
"589",-0.47,0,1,0
"590",-1.995,0,0,0
"591",-0.63,0,0,0
"592",1.105,0,1,0
"593",0.28,0,0,0
"594",-0.645,0,1,0
"595",-0.915,0,0,0
"596",-0.34,0,0,0
"597",0.66,0,1,0
"598",-0.155,0,0,0
"599",1.42,0,1,0
"600",-0.575,0,1,0
"601",-0.835,0,0,0
"602",0.195,0,0,0
"603",-0.495,0,1,0
"604",-0.79,0,0,0
"605",-0.825,0,0,0
"606",-0.625,0,0,0
"607",1.055,0,1,0
"608",-1.55,0,0,0
"609",1.495,0,1,0
"610",-1.575,0,0,0
"611",-0.355,0,0,0
"612",-0.315,0,0,0
"613",0.345,0,1,0
"614",-0.625,0,0,0
"615",0.00499999999999996,0,1,0
"616",-0.73,0,0,0
"617",-0.09,0,1,0
"618",-0.1,0,0,0
"619",-1.135,0,0,0
"620",-1.46,0,0,0
"621",-0.995,0,1,0
"622",-0.225,0,0,0
"623",-0.54,0,0,0
"624",-0.215,0,1,0
"625",-1.84,0,0,0
"626",-1.45,0,0,0
"627",0.955,0,1,0
"628",-1.655,0,0,0
"629",-1.445,0,0,0
"630",-1.915,0,0,0
"631",-0.505,0,0,0
"632",-0.355,0,1,0
"633",-1.255,0,0,0
"634",-0.295,0,0,0
"635",1.53,0,1,0
"636",0.22,0,0,0
"637",-1.535,0,0,0
"638",1.455,0,1,0
"639",-1.08,0,0,0
"640",0.415,0,0,0
"641",0.35,0,1,0
"642",-1.345,0,1,0
"643",-0.43,0,1,0
"644",-0.695,0,0,0
"645",-0.21,0,0,0
"646",-0.87,0,0,0
"647",0.2,0,1,0
"648",-0.21,0,0,0
"649",-0.46,0,0,0
"650",0.02,0,0,0
"651",0.16,0,0,1
"652",-1.43,0,0,0
"653",-0.31,0,0,0
"654",1.695,0,1,0
"655",-1.42,0,0,0
"656",-0.64,0,0,0
"657",-0.205,0,1,0
"658",0.33,0,1,0
"659",0.385,0,1,0
"660",-0.985,0,0,0
"661",-1.835,0,0,0
"662",-0.38,0,0,0
"663",0.95,0,0,0
"664",-1.905,0,0,0
"665",1.175,0,1,0
"666",-0.25,0,0,0
"667",0.525,0,1,0
"668",1.235,0,1,0
"669",-0.26,0,0,0
"670",1.295,0,1,0
"671",-0.985,0,0,0
"672",-0.965,0,0,0
"673",-0.555,0,0,0
"674",0.125,0,0,0
"675",-1.065,0,0,0
"676",-1.035,0,0,0
"677",0.48,0,1,0
"678",-0.24,0,0,0
"679",-1.255,0,0,0
"680",-1.525,0,0,0
"681",-0.495,0,0,0
"682",1.435,0,1,0
"683",-0.635,0,0,0
"684",1.68,0,1,0
"685",-0.625,0,0,0
"686",0.81,0,0,0
"687",-0.705,0,1,0
"688",-1.02,0,0,0
"689",1.22,0,1,0
"690",-1.15,0,0,0
"691",-2.365,0,0,0
"692",0.15,0,1,0
"693",0.665,0,1,0
"694",0.51,0,1,0
"695",0.935,0,1,0
"696",0.345,0,1,0
"697",0.605,0,0,0
"698",0.245,0,1,1
"699",-0.37,0,0,0
"700",0.175,0,1,0
"701",0.26,0,0,0
"702",-2.385,0,0,0
"703",-1.425,0,0,0
"704",-1.66,0,0,0
"705",-0.24,0,1,0
"706",0.435,0,0,0
"707",0.595,0,1,0
"708",-3.305,0,0,0
"709",-1.4,0,0,0
"710",0.56,0,0,0
"711",-1.145,0,0,0
"712",0.63,0,1,0
"713",-2.415,0,0,0
"714",-0.66,0,0,0
"715",-1.05,0,0,0
"716",1.555,0,1,0
"717",-0.325,0,0,0
"718",-0.76,0,0,0
"719",-0.38,0,1,0
"720",0.685,0,1,0
"721",0.02,0,0,0
"722",-1.105,0,0,0
"723",1.035,0,0,0
"724",0.99,0,0,0
"725",1.37,0,0,0
"726",-0.3,0,1,0
"727",-1.3,0,1,0
"728",0.515,0,1,0
"729",0.405,0,1,0
"730",-1.02,0,0,0
"731",-0.19,0,0,1
"732",0.53,0,1,0
"733",-0.025,0,0,0
"734",0.62,0,0,0
"735",0.94,0,0,0
"736",-1.17,0,0,0
"737",-1.255,0,0,0
"738",0.615,0,1,0
"739",1.345,0,1,0
"740",-1.795,0,0,0
"741",-0.26,0,0,0
"742",-0.415,0,0,0
"743",1.74,0,1,1
"744",-0.78,0,0,0
"745",-0.605,0,0,0
"746",0.43,0,0,0
"747",-0.76,0,1,0
"748",0.33,0,0,0
"749",-0.675,0,0,0
"750",-0.635,0,0,0
"751",-1.085,0,0,0
"752",0.27,0,0,0
"753",-0.62,0,1,0
"754",-0.29,0,0,0
"755",-1.135,0,0,0
"756",-0.325,0,0,0
"757",0.96,0,1,0
"758",0.22,0,1,0
"759",-0.33,0,0,0
"760",-0.12,0,1,0
"761",-0.25,0,0,0
"762",1,0,1,0
"763",-1.52,0,0,0
"764",0.56,0,0,0
"765",-1.605,0,0,0
"766",0.3,0,0,0
"767",-0.075,0,0,0
"768",-0.285,0,0,0
"769",1.395,0,1,0
"770",-1.145,0,0,0
"771",0.23,0,0,0
"772",-1.79,0,0,0
"773",-0.365,0,0,0
"774",-1.02,0,0,0
"775",-0.335,0,1,0
"776",-1.295,0,1,0
"777",-0.195,0,0,0
"778",-1.065,0,0,0
"779",1.055,0,0,0
"780",-0.065,0,0,0
"781",-1.02,0,0,0
"782",0.325,0,1,0
"783",0.62,0,0,0
"784",1.05,0,1,0
"785",-1.475,0,0,0
"786",-1.005,0,0,0
"787",0.52,0,0,0
"788",0.91,0,1,0
"789",-0.745,0,0,0
"790",-1.615,0,0,0
"791",-1.87,0,0,0
"792",0.36,0,0,1
"793",0.08,0,1,0
"794",-2.035,0,0,0
"795",-0.65,0,0,0
"796",-0.25,0,0,0
"797",0.44,0,1,0
"798",-1.15,0,0,0
"799",-2.215,0,0,0
"800",-0.595,0,0,0
"801",0.06,0,0,0
"802",-0.22,0,0,0
"803",0.36,0,1,0
"804",-0.255,0,0,0
"805",2.12,0,1,0
"806",-1.25,0,0,0
"807",-1.085,0,0,0
"808",-0.02,0,0,0
"809",-0.45,0,0,0
"810",-0.405,0,1,0
"811",-1.155,0,0,0
"812",-1.4,0,0,0
"813",-0.165,0,0,0
"814",0.295,0,1,0
"815",0.99,0,0,0
"816",0.09,0,0,0
"817",-1.78,0,0,0
"818",-1.845,0,0,0
"819",-0.875,0,0,0
"820",0.855,0,1,0
"821",-0.03,0,0,0
"822",-1.23,0,0,0
"823",-1.56,0,0,0
"824",-0.17,0,0,0
"825",-1.575,0,0,0
"826",-0.81,0,0,0
"827",1.835,1,1,0
"828",-0.365,0,1,0
"829",-0.675,0,0,0
"830",0.975,0,1,0
"831",-0.265,0,0,0
"832",-0.595,0,0,0
"833",-0.775,0,1,0
"834",0.285,0,1,1
"835",0.175,0,0,0
"836",0.08,0,1,0
"837",0.095,0,1,0
"838",0.46,0,1,1
"839",0.52,0,0,0
"840",-0.32,0,1,0
"841",-1.64,0,0,0
"842",-0.305,0,1,0
"843",0.635,0,1,0
"844",-0.31,0,0,0
"845",0.96,0,0,0
"846",0.75,0,0,0
"847",-0.35,0,1,0
"848",-0.315,0,0,0
"849",-1.075,0,0,0
"850",0.445,0,1,0
"851",-0.645,0,0,0
"852",-0.245,0,0,0
"853",0.005,0,0,0
"854",0.2,0,0,0
"855",-0.675,0,0,0
"856",-0.555,0,1,0
"857",-2.29,0,0,0
"858",0.595,0,0,0
"859",-0.84,0,1,0
"860",0.445,0,1,0
"861",-2.005,0,0,0
"862",-1.525,0,0,0
"863",-0.64,0,0,0
"864",0.74,0,1,0
"865",-0.405,0,0,0
"866",-0.615,0,0,0
"867",-1.23,0,0,0
"868",1.27,0,1,0
"869",1.255,0,1,0
"870",-0.155,0,1,0
"871",-0.335,0,0,0
"872",-0.205,0,0,0
"873",-0.655,0,0,0
"874",0.24,0,0,0
"875",-0.585,0,0,0
"876",-1.3,0,0,0
"877",0.21,0,0,0
"878",1.03,0,1,0
"879",1.285,0,1,0
"880",0.48,0,1,0
"881",-0.125,0,0,0
"882",-1.38,0,0,0
"883",0.215,0,0,0
"884",-1.445,0,0,0
"885",-0.51,0,0,0
"886",0.26,0,0,0
"887",-0.155,0,1,0
"888",-1.45,0,0,0
"889",0.095,0,0,0
"890",-0.89,0,0,0
"891",-0.695,0,0,0
"892",0.835,0,0,0
"893",-1.51,0,0,0
"894",0.65,0,0,0
"895",1.06,0,1,0
"896",-0.105,0,0,0
"897",0.15,0,0,0
"898",0.715,0,0,0
"899",0.285,0,0,0
"900",-0.38,0,0,0
"901",-0.025,0,0,0
"902",-0.24,0,0,0
"903",0.94,0,0,0
"904",-0.715,0,0,0
"905",0.575,0,0,0
"906",0.635,0,1,1
"907",0.57,0,1,0
"908",-0.12,0,0,0
"909",-0.47,0,0,0
"910",0.25,0,1,1
"911",1.34,0,0,0
"912",-0.655,0,1,0
"913",-1.41,0,0,0
"914",-1.06,0,0,0
"915",0.855,0,1,0
"916",-0.175,0,0,0
"917",-0.59,0,0,0
"918",-0.985,0,0,0
"919",0.54,0,1,0
"920",0.455,0,0,0
"921",0.27,0,0,0
"922",0.305,0,0,0
"923",0.95,0,1,0
"924",-0.975,0,0,0
"925",0.115,0,0,0
"926",0.365,0,0,0
"927",-0.085,0,0,0
"928",0.575,0,1,0
"929",-0.965,0,0,0
"930",0.15,0,1,0
"931",0.365,0,0,0
"932",2.085,0,1,0
"933",-1.605,0,0,0
"934",0.55,0,0,0
"935",0.345,0,0,0
"936",-0.55,0,0,0
"937",-1.42,0,0,0
"938",-2.015,0,0,0
"939",-0.67,0,0,0
"940",-0.195,0,0,0
"941",-0.05,0,1,0
"942",-0.765,0,0,0
"943",-1.575,0,0,0
"944",1.07,0,1,0
"945",-0.885,0,0,0
"946",-0.29,0,0,0
"947",-0.79,0,0,0
"948",-0.56,0,0,0
"949",-0.69,0,0,0
"950",0.76,0,1,0
"951",-0.83,0,0,0
"952",-1.985,0,0,0
"953",-0.755,0,0,0
"954",1.895,0,0,0
"955",-0.655,0,1,0
"956",-1.835,0,0,0
"957",1.32,0,1,1
"958",0.2,0,1,0
"959",-0.1,0,1,0
"960",0.165,0,0,0
"961",0.16,0,1,0
"962",0.565,0,0,0
"963",-1.335,0,0,0
"964",0.125,0,0,0
"965",-0.165,0,1,0
"966",-1.025,0,0,0
"967",-0.02,0,1,0
"968",0.06,0,1,0
"969",-1.05,0,0,0
"970",0.115,0,0,0
"971",-0.58,0,0,0
"972",0.28,0,0,0
"973",-0.665,0,0,0
"974",0.865,0,0,0
"975",1.71,0,1,0
"976",0.64,0,1,0
"977",-2.145,0,1,0
"978",-1.125,0,0,0
"979",-0.695,0,1,0
"980",-0.67,0,0,0
"981",-0.14,0,1,0
"982",-1.58,0,0,0
"983",0.48,0,1,0
"984",-0.755,0,0,0
"985",-0.635,0,0,0
"986",-1.46,0,0,0
"987",-0.575,0,1,0
"988",-0.755,0,0,0
"989",-0.05,0,1,0
"990",1.055,0,1,0
"991",-0.54,0,0,0
"992",0.405,0,0,0
"993",1.115,0,1,0
"994",-0.205,0,0,0
"995",-0.685,0,0,0
"996",-0.4,0,0,0
"997",-0.04,0,0,0
"998",0.48,0,0,0
"999",-0.275,0,0,0
"1000",-0.705,0,0,0
"1001",2.205,0,1,0
"1002",2.29,0,1,0
"1003",2.955,1,1,0
"1004",1.83,1,1,0
"1005",2.26,0,1,0
"1006",2.6,1,1,0
"1007",2.885,1,1,0
"1008",3.035,1,1,0
"1009",2.455,1,1,0
"1010",1.93,0,1,0
"1011",2.6,1,1,0
"1012",2.69,1,1,0
"1013",2.355,0,1,0
"1014",3.1,1,1,0
"1015",2.59,1,1,0
"1016",3.13,1,1,0
"1017",2.765,1,1,0
"1018",2.91,1,1,0
"1019",2.6,1,1,0
"1020",3.155,1,1,0
"1021",2.98,1,1,0
"1022",2.825,1,1,0
"1023",2.01,0,1,0
"1024",2.32,1,1,0
"1025",2.805,1,1,0
"1026",2.355,0,1,0
"1027",1.885,0,1,0
"1028",2.795,1,1,0
"1029",2.635,1,1,0
"1030",2.14,1,1,0
"1031",2.35,1,1,0
"1032",2.46,1,1,0
"1033",2.315,0,1,0
"1034",2.315,0,1,0
"1035",2.45,1,1,0
"1036",2.725,1,1,0
"1037",2.32,1,1,0
"1038",3.08,1,1,0
"1039",2.685,1,1,0
"1040",2.25,1,1,0
"1041",2.625,1,1,0
"1042",2.69,0,1,0
"1043",2.74,1,1,0
"1044",3.025,1,1,0
"1045",2.645,1,1,0
"1046",2.54,1,1,0
"1047",2.245,1,1,0
"1048",2.385,1,1,0
"1049",1.885,0,1,0
"1050",2.415,1,1,0
"1051",2.805,1,1,0
"1052",2.605,1,1,0
"1053",2.89,1,1,0
"1054",3.26,1,1,0
"1055",2.295,1,1,0
"1056",2.825,1,1,0
"1057",2.745,0,1,0
"1058",3.16,1,1,0
"1059",2.48,1,1,0
"1060",2.45,1,1,0
"1061",2.625,1,1,0
"1062",2.305,0,1,1
"1063",2.24,1,1,0
"1064",1.69,1,1,0
"1065",2.875,1,1,0
"1066",2.305,0,1,1
"1067",2.335,0,1,0
"1068",2.465,1,1,0
"1069",2.41,1,1,0
"1070",3.19,1,1,0
"1071",2.175,0,1,0
"1072",2.305,1,1,0
"1073",2.765,1,1,0
"1074",2.19,1,1,0
"1075",2.36,1,1,0
"1076",3.32,1,1,0
"1077",2.615,0,1,0
"1078",3.105,1,1,0
"1079",3.105,1,1,0
"1080",2.85,1,1,0
"1081",2.23,0,1,0
"1082",2.275,1,1,0
"1083",2.345,1,1,0
"1084",2.835,0,1,0
"1085",2.05,0,1,0
"1086",1.3,0,1,0
"1087",2.63,1,1,0
"1088",3.085,0,1,0
"1089",3.475,1,1,0
"1090",3.15,1,1,0
"1091",3.045,1,1,0
"1092",2.075,1,1,0
"1093",1.955,0,1,0
"1094",3.06,1,1,0
"1095",2.945,1,1,0
"1096",2.33,1,1,0
"1097",2.3,0,1,0
"1098",3.395,1,1,0
"1099",2.5,0,1,1
"1100",2.69,0,1,0
"1101",2.085,0,1,0
"1102",2.08,0,1,0
"1103",2.42,1,1,0
"1104",2.73,1,1,0
"1105",2.35,1,1,0
"1106",2,1,1,0
"1107",2.8,0,1,0
"1108",2.605,1,1,0
"1109",2.53,0,1,0
"1110",2.66,1,1,0
"1111",2.04,0,1,0
"1112",1.79,0,1,1
"1113",3.175,1,1,0
"1114",1.795,0,1,0
"1115",2.18,0,1,0
"1116",3,1,1,0
"1117",2.765,0,1,0
"1118",1.73,0,1,0
"1119",3.3,1,1,0
"1120",3.05,1,1,0
"1121",2.135,0,1,0
"1122",2.595,1,1,0
"1123",2.955,1,1,0
"1124",2.68,1,1,0
"1125",3.22,1,1,0
"1126",3.03,1,1,0
"1127",2,1,1,0
"1128",2.085,0,1,0
"1129",3.11,1,1,0
"1130",2.21,0,1,0
"1131",2.615,1,1,0
"1132",2.195,1,1,0
"1133",2.66,1,1,0
"1134",3.26,1,1,0
"1135",3.245,1,1,0
"1136",3.225,0,1,0
"1137",2.025,0,1,1
"1138",3.05,1,1,0
"1139",2.255,1,1,0
"1140",3.025,1,1,0
"1141",3.15,1,1,0
"1142",2.25,0,1,0
"1143",1.57,0,1,1
"1144",3.02,1,1,0
"1145",0.98,0,1,0
"1146",2.305,0,1,0
"1147",2.43,1,1,0
"1148",2.275,1,1,0
"1149",2.45,1,1,0
"1150",2.92,1,1,0
"1151",2.295,1,1,0
"1152",2.195,1,1,0
"1153",2.43,1,1,0
"1154",2.53,1,1,0
"1155",3.445,1,1,0
"1156",1.725,0,1,0
"1157",2.12,0,1,1
"1158",2.525,0,1,0
"1159",2.915,1,1,0
"1160",2.905,1,1,0
"1161",2.185,0,1,0
"1162",2.785,0,1,0
"1163",2.79,1,1,0
"1164",1.75,0,1,0
"1165",2.09,0,1,0
"1166",3.01,1,1,0
"1167",1.985,0,1,0
"1168",2.58,0,1,0
"1169",2.45,0,1,0
"1170",2.8,1,1,0
"1171",1.815,0,1,0
"1172",2.59,1,1,0
"1173",2.63,1,1,0
"1174",2.98,1,1,0
"1175",2.745,1,1,0
"1176",2.28,1,1,1
"1177",2.505,1,1,0
"1178",3.135,1,1,0
"1179",2.445,0,1,0
"1180",3.355,1,1,0
"1181",2.91,1,1,0
"1182",2.495,0,0,0
"1183",2.6,1,1,0
"1184",3.01,1,1,0
"1185",1.59,0,1,0
"1186",2.705,1,1,0
"1187",2.085,0,1,0
"1188",2.695,1,1,0
"1189",1.94,1,1,0
"1190",2.045,0,1,0
"1191",1.885,1,1,0
"1192",1.705,0,1,0
"1193",2.44,1,1,0
"1194",3.105,1,1,0
"1195",3.1,1,1,0
"1196",2.005,0,1,0
"1197",2.725,1,1,0
"1198",3.615,1,1,0
"1199",3.095,1,1,0
"1200",2.305,1,1,0
"1201",2.75,1,1,0
"1202",3.085,1,1,0
"1203",2.94,1,1,0
"1204",2.515,1,1,0
"1205",2.165,1,1,0
"1206",2.935,1,1,0
"1207",2.29,1,1,0
"1208",2.67,1,1,0
"1209",2.025,1,1,1
"1210",2.29,1,1,0
"1211",2.015,1,1,0
"1212",3.035,1,1,0
"1213",1.84,0,1,0
"1214",3.02,1,1,0
"1215",2.145,1,1,0
"1216",2.25,1,1,0
"1217",3.155,1,1,0
"1218",2.255,1,1,0
"1219",2.525,1,1,0
"1220",2.235,0,1,0
"1221",1.885,1,1,0
"1222",2.975,1,1,0
"1223",2.88,1,1,0
"1224",2.24,0,1,0
"1225",2.685,1,1,0
"1226",2.5,0,1,0
"1227",2.2,1,1,0
"1228",2.1,0,1,0
"1229",2.515,0,1,0
"1230",3.175,1,1,0
"1231",2.445,1,1,0
"1232",2.69,0,1,0
"1233",2.91,1,1,0
"1234",3.13,1,1,0
"1235",2.345,1,1,0
"1236",2.295,1,1,0
"1237",2.35,0,1,0
"1238",2.785,0,1,0
"1239",2.795,1,1,0
"1240",2.105,0,1,0
"1241",3.235,1,1,0
"1242",2.395,0,1,0
"1243",1.91,0,1,0
"1244",2.98,1,1,0
"1245",2.945,1,1,0
"1246",1.68,0,1,1
"1247",2.385,1,1,0
"1248",2.855,0,1,0
"1249",2.7,0,1,0
"1250",2.455,1,1,0
"1251",2.82,1,1,0
"1252",2.7,1,1,0
"1253",2.415,1,1,0
"1254",2.56,0,1,0
"1255",2.25,1,0,0
"1256",2.87,1,1,0
"1257",2.285,1,1,0
"1258",2.94,1,1,0
"1259",2.415,1,1,0
"1260",2.29,1,1,0
"1261",3,1,1,0
"1262",2.455,1,1,0
"1263",2.1,0,1,0
"1264",3.235,1,1,0
"1265",2.265,1,1,0
"1266",2.465,0,1,0
"1267",2.6,1,1,0
"1268",2.3,1,1,0
"1269",2.815,1,1,0
"1270",1.985,1,1,0
"1271",2.03,0,1,0
"1272",3.13,1,1,0
"1273",2.6,0,1,0
"1274",2.265,0,1,0
"1275",2.35,1,1,0
"1276",3.1,1,1,0
"1277",2.42,1,1,0
"1278",2.75,1,1,0
"1279",2.18,0,1,0
"1280",2.345,1,1,0
"1281",2.73,1,1,0
"1282",2.6,1,1,0
"1283",2.34,0,1,0
"1284",2.605,1,1,0
"1285",2.535,1,1,0
"1286",2.73,1,1,0
"1287",2.7,0,1,0
"1288",2.4,0,1,0
"1289",2.185,1,1,0
"1290",2.625,0,0,0
"1291",1.75,1,1,0
"1292",1.745,0,1,0
"1293",2.98,1,1,0
"1294",2.4,0,1,0
"1295",1.725,0,1,0
"1296",2.23,0,1,0
"1297",2.51,0,1,0
"1298",2.615,1,1,0
"1299",2.23,1,1,0
"1300",3.535,1,1,0
"1301",2.53,0,1,0
"1302",2.94,1,1,0
"1303",2.045,1,1,0
"1304",2.84,1,1,0
"1305",2.485,0,1,0
"1306",2.905,0,1,0
"1307",3.105,1,1,0
"1308",1.655,0,1,0
"1309",3.265,1,1,0
"1310",3.215,1,1,0
"1311",2.815,1,1,0
"1312",2.605,1,1,0
"1313",1.585,0,1,1
"1314",3.12,1,1,0
"1315",2.535,0,1,0
"1316",1.855,0,1,1
"1317",2.825,1,1,0
"1318",2.845,0,1,0
"1319",3.115,1,1,0
"1320",3.255,1,1,0
"1321",3.085,1,1,0
"1322",2.53,1,1,0
"1323",2.14,0,1,0
"1324",2.31,0,1,1
"1325",2.48,1,1,0
"1326",2.6,1,1,0
"1327",2.395,1,1,0
"1328",2.23,1,1,0
"1329",2.645,1,1,0
"1330",2.495,1,1,1
"1331",2.75,1,1,0
"1332",2.2,0,1,0
"1333",2.385,0,1,0
"1334",2.245,0,1,0
"1335",2.29,1,1,0
"1336",3.145,1,1,0
"1337",2.705,0,1,0
"1338",2.255,0,1,0
"1339",3.065,1,1,0
"1340",2.76,1,1,0
"1341",2.645,1,1,0
"1342",2.34,0,1,0
"1343",3.02,1,1,0
"1344",3.06,1,1,0
"1345",2.5,1,1,0
"1346",2.4,0,1,0
"1347",2.595,0,1,0
"1348",2.21,1,1,1
"1349",2.925,1,1,0
"1350",2.235,0,1,1
"1351",2.525,1,1,0
"1352",2.535,0,1,0
"1353",3.21,1,1,0
"1354",2.565,1,1,0
"1355",1.935,1,1,0
"1356",2.735,1,1,0
"1357",2.865,1,1,0
"1358",2.35,0,1,0
"1359",2.38,1,1,0
"1360",2.415,1,1,0
"1361",2.565,0,1,0
"1362",2.23,0,1,0
"1363",3.04,1,1,0
"1364",2.525,1,1,0
"1365",2.67,1,1,0
"1366",3.035,0,1,0
"1367",2.35,1,1,0
"1368",2.265,0,1,0
"1369",2.495,1,1,0
"1370",2.31,0,1,0
"1371",2.44,1,1,0
"1372",3.015,1,1,0
"1373",2.86,1,1,0
"1374",2.58,1,1,0
"1375",3.75,1,1,0
"1376",2.465,1,1,0
"1377",2.805,1,1,0
"1378",2.53,1,1,0
"1379",2.88,1,1,0
"1380",2.555,1,1,0
"1381",2.675,0,1,0
"1382",2.725,0,1,0
"1383",2.45,1,1,0
"1384",2.77,1,1,0
"1385",3.005,1,1,0
"1386",2.425,0,1,0
"1387",3.355,1,1,0
"1388",3.385,1,1,0
"1389",2.565,1,1,0
"1390",2.675,0,1,0
"1391",2.255,0,1,0
"1392",2.93,1,1,0
"1393",2.54,1,1,0
"1394",2.755,1,1,0
"1395",2.695,1,1,0
"1396",2.675,1,1,0
"1397",3.505,1,1,0
"1398",3.105,1,1,0
"1399",3.11,1,1,0
"1400",2.05,0,1,0
"1401",1.485,0,1,0
"1402",2.815,1,1,0
"1403",3.115,1,1,0
"1404",3.195,1,1,0
"1405",3.1,1,1,0
"1406",2.01,0,1,0
"1407",2.81,1,1,0
"1408",2.985,1,1,0
"1409",2.69,0,1,1
"1410",2.315,0,1,0
"1411",2.81,1,1,0
"1412",2.75,1,1,0
"1413",2.35,0,1,0
"1414",1.885,0,1,0
"1415",2.945,0,1,0
"1416",2.9,0,1,0
"1417",2.745,1,1,0
"1418",2.6,1,1,0
"1419",2.71,1,1,0
"1420",2.735,1,1,0
"1421",2.54,0,1,0
"1422",1.335,0,1,0
"1423",2.53,1,1,0
"1424",2.885,1,1,0
"1425",3.49,1,1,0
"1426",2.9,0,1,0
"1427",2.825,1,1,0
"1428",2.135,0,1,0
"1429",2.67,1,1,0
"1430",3.105,1,1,0
"1431",3.21,0,1,0
"1432",2.175,0,1,0
"1433",2.585,1,1,0
"1434",2.03,1,1,0
"1435",2.515,1,1,0
"1436",2.42,1,1,0
"1437",2.3,1,1,0
"1438",2.305,0,1,0
"1439",2.745,1,1,0
"1440",2.43,0,1,0
"1441",2.31,1,1,0
"1442",3.28,1,1,0
"1443",2.06,0,1,0
"1444",2.65,1,1,0
"1445",3.07,1,1,0
"1446",2.845,1,1,0
"1447",2.875,0,1,0
"1448",2.69,1,1,0
"1449",3.155,1,1,0
"1450",2.325,1,1,0
"1451",2.125,1,1,0
"1452",2.805,1,1,0
"1453",2.48,1,1,0
"1454",3.525,1,1,0
"1455",2.89,1,1,0
"1456",2.95,1,1,0
"1457",2.22,1,1,0
"1458",2.33,1,1,1
"1459",2.75,1,1,0
"1460",2.66,1,1,0
"1461",3.23,1,1,0
"1462",2.605,0,1,0
"1463",2.88,1,1,0
"1464",2.4,0,1,0
"1465",2.445,1,1,0
"1466",2.495,1,1,0
"1467",2.54,1,1,0
"1468",2.26,1,1,0
"1469",2.535,1,1,0
"1470",3.055,1,1,0
"1471",3.71,1,1,0
"1472",2.095,1,1,0
"1473",1.715,0,1,0
"1474",2.88,1,1,0
"1475",2.305,0,1,0
"1476",2.365,0,1,0
"1477",2.09,1,1,0
"1478",3.485,1,1,0
"1479",2.965,1,1,0
"1480",2.715,1,1,0
"1481",2.7,0,1,0
"1482",2,0,1,0
"1483",2.56,1,1,0
"1484",2.355,0,1,0
"1485",2.705,1,1,0
"1486",2.02,0,1,0
"1487",2.5,1,1,0
"1488",1.84,0,1,1
"1489",2.825,1,1,0
"1490",2.56,1,1,0
"1491",2.96,1,1,0
"1492",3.145,1,1,0
"1493",3.555,1,1,0
"1494",2.865,1,1,0
"1495",1.98,0,1,0
"1496",2.92,1,1,0
"1497",2.825,1,1,0
"1498",2.71,1,1,0
"1499",3.135,1,1,0
"1500",2.93,1,1,0
"1501",3.3,1,1,0
"1502",2.44,1,1,0
"1503",3.175,1,1,0
"1504",3.03,1,1,0
"1505",3.055,1,1,0
"1506",2.955,1,1,0
"1507",2.9,1,1,0
"1508",1.63,0,1,0
"1509",3.28,1,1,0
"1510",2.54,1,1,0
"1511",2.42,1,1,1
"1512",2.05,0,1,0
"1513",3.035,1,1,0
"1514",3.28,1,1,0
"1515",2.54,0,1,0
"1516",2.93,1,1,0
"1517",2.205,0,1,0
"1518",3.32,1,1,0
"1519",2.74,1,1,0
"1520",2.58,0,1,0
"1521",2.695,1,1,0
"1522",3.07,1,1,0
"1523",2.78,1,1,0
"1524",2.74,1,1,0
"1525",3.38,1,1,0
"1526",3.17,1,1,0
"1527",1.83,0,1,0
"1528",2.27,0,1,0
"1529",2.475,1,1,0
"1530",2.92,1,1,0
"1531",2.565,1,1,0
"1532",3.095,1,1,0
"1533",3.115,1,1,0
"1534",2.33,0,1,0
"1535",2.575,1,1,0
"1536",2.475,0,1,1
"1537",2.505,0,1,0
"1538",1.67,0,1,0
"1539",2.675,1,1,0
"1540",1.895,0,1,1
"1541",2.135,0,1,0
"1542",2.895,1,1,0
"1543",2.34,1,1,0
"1544",2.51,0,1,0
"1545",2.515,1,1,0
"1546",2.19,1,1,0
"1547",2.49,1,1,0
"1548",2.555,0,1,0
"1549",2.64,1,1,0
"1550",2.1,0,1,0
"1551",3.38,1,1,0
"1552",2.69,1,1,0
"1553",3.405,1,1,0
"1554",2.12,0,1,0
"1555",1.9,0,1,1
"1556",2.545,0,1,0
"1557",2.365,1,1,1
"1558",2.9,1,1,0
"1559",1.91,0,1,0
"1560",2.94,1,1,0
"1561",3.17,1,1,0
"1562",2.685,1,1,0
"1563",2.7,1,1,0
"1564",2.825,1,1,0
"1565",2.9,1,1,0
"1566",2.51,1,1,0
"1567",2.845,1,1,0
"1568",2.94,1,1,0
"1569",3.1,1,1,0
"1570",2.24,1,1,0
"1571",3.03,1,1,0
"1572",2.75,1,1,0
"1573",2.195,0,1,0
"1574",2.32,0,1,0
"1575",2.04,0,1,1
"1576",2.805,0,1,0
"1577",2.335,0,1,0
"1578",2.48,0,1,0
"1579",2.53,0,1,0
"1580",2.65,1,1,0
"1581",3.195,1,1,0
"1582",2.655,0,1,0
"1583",2.815,1,1,0
"1584",2.775,1,1,0
"1585",2.795,1,1,0
"1586",1.725,0,1,0
"1587",2.555,1,1,0
"1588",2.72,0,1,0
"1589",1.875,0,1,0
"1590",2.71,1,1,0
"1591",2.66,1,1,0
"1592",2.865,0,1,0
"1593",2.935,1,1,0
"1594",2.91,1,1,0
"1595",2.255,0,1,0
"1596",2.51,1,1,0
"1597",2.575,0,1,0
"1598",3.17,1,1,0
"1599",2.84,1,1,0
"1600",2.63,0,1,0
"1601",2.215,0,1,0
"1602",2.7,1,1,0
"1603",3.485,1,1,0
"1604",1.955,0,1,0
"1605",2.575,0,1,0
"1606",2.83,0,1,0
"1607",2.855,0,1,0
"1608",3.505,1,1,0
"1609",3.245,1,1,0
"1610",2.97,1,1,0
"1611",2.995,1,1,0
"1612",3.045,1,1,0
"1613",2.635,1,1,0
"1614",2.02,1,1,0
"1615",2.965,0,1,0
"1616",2.42,1,1,0
"1617",3.22,1,1,0
"1618",2.915,1,1,0
"1619",2.34,0,1,0
"1620",2.535,0,1,0
"1621",2.16,1,0,0
"1622",2.34,0,1,0
"1623",2.5,1,1,0
"1624",3.08,0,1,0
"1625",2.33,1,1,0
"1626",3.12,1,1,0
"1627",2.43,0,1,0
"1628",2.655,1,1,0
"1629",1.765,0,1,1
"1630",2.49,1,1,0
"1631",1.66,1,1,0
"1632",1.8,1,1,0
"1633",1.975,0,1,0
"1634",3.68,1,1,0
"1635",2.28,1,1,0
"1636",2.325,0,1,0
"1637",2.81,1,1,0
"1638",3.41,1,1,0
"1639",2.77,1,1,0
"1640",2.665,1,1,0
"1641",2.99,0,1,0
"1642",1.88,0,1,0
"1643",3.225,1,1,0
"1644",3.285,1,1,0
"1645",2.145,1,1,0
"1646",2.085,0,1,0
"1647",2.015,0,1,0
"1648",2.99,1,1,0
"1649",2.6,1,1,0
"1650",2.645,0,1,0
"1651",2.715,1,1,0
"1652",3.645,1,1,0
"1653",2.23,1,1,0
"1654",1.825,0,1,0
"1655",2.295,0,1,0
"1656",2.375,1,1,0
"1657",2.89,1,1,0
"1658",2.365,0,1,0
"1659",1.97,1,1,0
"1660",2.235,0,1,0
"1661",2.79,1,1,0
"1662",2.55,1,1,0
"1663",2.265,1,1,0
"1664",2.905,1,1,0
"1665",2.73,0,1,0
"1666",2.185,0,1,0
"1667",2.255,1,1,0
"1668",2.58,1,1,0
"1669",2.085,0,1,0
"1670",3.18,1,1,0
"1671",2.42,0,1,0
"1672",3.08,1,1,0
"1673",2.095,1,1,0
"1674",1.68,0,1,0
"1675",2.945,1,1,0
"1676",2.785,0,1,0
"1677",3.225,1,1,0
"1678",2.695,1,1,0
"1679",2.14,1,1,0
"1680",2.845,0,1,0
"1681",2.96,1,1,0
"1682",2.055,1,1,0
"1683",1.69,0,1,0
"1684",3.08,1,1,0
"1685",2.7,1,1,0
"1686",2.805,1,1,0
"1687",2.755,1,1,0
"1688",2.64,1,1,0
"1689",2.565,1,1,0
"1690",2.435,1,1,0
"1691",2.755,0,1,0
"1692",2.41,0,1,0
"1693",2.61,1,1,0
"1694",2.5,0,1,0
"1695",2.8,1,1,0
"1696",2.69,1,1,0
"1697",2.465,1,1,0
"1698",2.645,1,1,0
"1699",2.36,1,1,0
"1700",2.64,0,1,0
"1701",3.39,1,1,0
"1702",2.505,1,1,0
"1703",3.48,1,1,0
"1704",2.895,1,1,0
"1705",3.225,1,1,0
"1706",2.815,1,1,1
"1707",2.685,1,1,0
"1708",2.69,1,1,0
"1709",2.075,1,1,0
"1710",2.585,1,1,0
"1711",1.35,0,1,0
"1712",2.84,1,1,0
"1713",1.57,0,1,0
"1714",1.855,0,1,0
"1715",1.735,0,1,0
"1716",2.625,0,1,0
"1717",2.065,0,1,0
"1718",2.435,0,1,0
"1719",3.415,1,1,0
"1720",2.52,1,1,0
"1721",3.03,1,1,0
"1722",2.72,1,1,0
"1723",1.535,0,1,0
"1724",1.97,1,1,0
"1725",2.425,1,1,0
"1726",1.965,0,1,0
"1727",3.075,1,1,0
"1728",3.28,1,1,0
"1729",3.36,1,1,0
"1730",3.24,1,1,0
"1731",2.9,1,1,0
"1732",3.51,1,1,0
"1733",3.18,1,1,0
"1734",2.355,1,1,0
"1735",1.885,0,1,0
"1736",2.59,1,1,0
"1737",2.685,1,1,0
"1738",2.555,1,1,0
"1739",2.205,0,1,0
"1740",2.31,0,1,0
"1741",2.68,1,1,0
"1742",2.2,0,1,0
"1743",3.68,1,1,0
"1744",2.3,1,1,0
"1745",3.37,1,1,0
"1746",2.17,1,1,0
"1747",2.24,0,1,0
"1748",2.395,1,1,0
"1749",2.94,1,1,0
"1750",2.385,1,1,0
"1751",1.715,1,1,0
"1752",2.47,1,1,1
"1753",2.635,1,1,0
"1754",2.51,0,1,0
"1755",2.3,0,1,1
"1756",2.565,1,1,0
"1757",2.975,1,1,0
"1758",2.535,0,1,0
"1759",2.27,0,1,0
"1760",3.01,1,1,0
"1761",2.925,1,1,0
"1762",2.935,1,1,0
"1763",2.745,1,1,0
"1764",2.86,1,1,0
"1765",2.79,1,1,0
"1766",2.535,1,1,0
"1767",2.075,0,1,0
"1768",2.515,1,1,0
"1769",2.235,0,1,0
"1770",1.89,0,0,0
"1771",2.915,1,1,0
"1772",3.35,1,1,0
"1773",2.755,0,1,0
"1774",3.535,1,1,0
"1775",3.21,1,1,0
"1776",2.46,1,1,0
"1777",2.905,0,1,0
"1778",2.405,1,1,0
"1779",2.825,1,1,0
"1780",3.01,1,1,0
"1781",2.96,1,1,0
"1782",2.705,1,1,0
"1783",2.095,1,1,0
"1784",2.25,1,1,0
"1785",2.41,0,1,0
"1786",2.34,0,1,0
"1787",2.51,1,1,0
"1788",2.78,1,1,0
"1789",2.64,1,1,0
"1790",3.125,1,1,0
"1791",1.915,1,1,0
"1792",1.93,1,1,0
"1793",1.975,0,1,0
"1794",2.78,0,1,0
"1795",2.56,1,1,0
"1796",2.51,0,1,0
"1797",2.56,1,1,0
"1798",1.56,0,1,0
"1799",3.255,1,1,0
"1800",2.755,0,1,0
"1801",2.65,1,1,0
"1802",2.995,1,1,0
"1803",2.535,1,1,0
"1804",1.99,0,1,0
"1805",3.205,1,1,0
"1806",2.405,1,1,0
"1807",2.745,1,1,0
"1808",2.71,1,1,0
"1809",2.39,1,1,0
"1810",2.315,1,1,0
"1811",2.61,1,1,0
"1812",2.455,1,1,1
"1813",2.56,1,1,0
"1814",2.365,1,1,0
"1815",2.17,0,1,0
"1816",2.53,0,1,0
"1817",1.73,0,1,0
"1818",2.245,1,1,0
"1819",2.765,1,1,0
"1820",2.78,1,1,0
"1821",2.805,1,1,0
"1822",2.76,0,1,0
"1823",1.93,0,1,0
"1824",2.885,1,1,0
"1825",1.74,0,1,0
"1826",2.765,1,1,0
"1827",2.46,1,1,0
"1828",2.685,1,1,0
"1829",3.27,1,1,0
"1830",3.03,1,1,0
"1831",2.735,1,0,0
"1832",2.5,0,1,0
"1833",2.76,1,1,0
"1834",2.41,1,1,0
"1835",2.2,1,1,0
"1836",2.75,1,1,0
"1837",3.125,1,1,0
"1838",2.155,0,1,0
"1839",2.72,1,1,0
"1840",2.99,0,1,0
"1841",2.66,1,1,0
"1842",3.34,1,1,0
"1843",2.29,0,1,0
"1844",2.515,1,1,0
"1845",2.9,1,1,0
"1846",3.195,1,1,0
"1847",2.185,1,1,0
"1848",2.64,1,1,0
"1849",2.715,0,1,0
"1850",2.335,0,1,1
"1851",2.745,1,1,0
"1852",2.72,1,1,0
"1853",2.59,1,1,0
"1854",2.875,1,1,0
"1855",2.885,1,1,0
"1856",2.485,0,1,1
"1857",1.745,0,1,0
"1858",2.37,0,1,0
"1859",2.15,0,0,0
"1860",2.75,1,1,0
"1861",3.415,1,1,0
"1862",2.91,1,1,0
"1863",2.51,1,1,0
"1864",1.83,0,1,1
"1865",2.92,1,1,0
"1866",2.875,1,1,0
"1867",2.645,1,1,0
"1868",2.61,0,1,0
"1869",2.95,1,1,0
"1870",2.39,1,1,0
"1871",2.4,1,1,0
"1872",3.38,1,1,0
"1873",2.395,1,1,0
"1874",2.775,1,1,0
"1875",2.365,1,1,0
"1876",2.685,1,1,0
"1877",2.805,0,1,0
"1878",2.635,1,1,0
"1879",2.185,1,1,1
"1880",2.975,1,1,0
"1881",2.945,1,1,0
"1882",2.82,1,1,0
"1883",2.865,1,1,0
"1884",2.405,1,1,0
"1885",2.325,0,1,0
"1886",2.415,1,1,0
"1887",2.565,0,1,0
"1888",3.41,1,1,0
"1889",3.07,1,1,0
"1890",2.5,0,1,0
"1891",2.97,1,1,0
"1892",2.735,1,1,0
"1893",2.895,1,1,0
"1894",2.445,1,1,0
"1895",2.54,1,1,0
"1896",2.02,0,1,0
"1897",2.975,1,1,0
"1898",2.915,1,1,0
"1899",2.595,0,1,0
"1900",2.13,0,1,0
"1901",2.58,1,1,0
"1902",2.31,0,1,0
"1903",2.835,1,1,0
"1904",2.325,0,1,0
"1905",2.72,0,1,0
"1906",3.19,1,1,0
"1907",2.815,1,1,0
"1908",2.82,1,1,0
"1909",3.025,1,1,0
"1910",3.595,1,1,0
"1911",2.495,0,1,0
"1912",1.96,1,1,0
"1913",2.74,0,1,0
"1914",2.935,0,1,0
"1915",2.435,1,1,0
"1916",3.385,1,1,0
"1917",2.47,1,1,0
"1918",3.13,1,1,0
"1919",3.07,1,1,0
"1920",2.445,1,1,0
"1921",2.665,0,1,0
"1922",3.14,0,1,0
"1923",3.245,1,1,0
"1924",2.055,0,1,0
"1925",3.615,1,1,0
"1926",2.565,1,1,0
"1927",3.175,1,1,0
"1928",2.535,1,1,0
"1929",2.37,1,1,0
"1930",3.465,1,1,0
"1931",2.81,1,1,0
"1932",2.125,0,1,0
"1933",2.785,1,1,0
"1934",3.485,1,1,0
"1935",2.9,1,1,0
"1936",3.315,1,1,0
"1937",3.125,1,1,0
"1938",2.65,1,1,0
"1939",2.5,0,1,0
"1940",2.905,1,1,0
"1941",2.395,1,1,0
"1942",2.715,0,1,0
"1943",2.675,1,1,0
"1944",2.985,0,1,0
"1945",3.22,1,1,0
"1946",2.89,1,1,0
"1947",3.05,1,1,0
"1948",2.35,1,1,0
"1949",2.95,1,1,0
"1950",2.655,1,1,0
"1951",3.06,1,1,0
"1952",2.58,0,1,0
"1953",3.195,1,1,0
"1954",1.705,1,1,1
"1955",3.28,1,1,0
"1956",2.61,1,1,0
"1957",2.96,1,1,0
"1958",2.57,1,1,0
"1959",2.56,1,1,0
"1960",2.095,1,1,1
"1961",2.345,1,1,0
"1962",3.52,1,1,0
"1963",2.375,0,1,0
"1964",1.755,1,0,0
"1965",2.4,0,1,0
"1966",3.36,1,1,0
"1967",3.075,1,1,0
"1968",2.165,0,1,0
"1969",2.17,0,1,1
"1970",2.86,1,1,0
"1971",2.62,0,1,0
"1972",2.02,0,1,0
"1973",3.34,1,1,0
"1974",2.785,1,1,0
"1975",2.54,0,1,0
"1976",3.015,1,1,0
"1977",2.51,0,1,0
"1978",2.435,1,1,0
"1979",1.895,0,1,0
"1980",2.555,1,1,0
"1981",2.69,1,1,0
"1982",2.605,1,1,0
"1983",2.735,0,1,0
"1984",2.215,1,1,0
"1985",2.905,1,1,0
"1986",2.475,1,1,0
"1987",3.065,1,1,0
"1988",3.01,1,1,0
"1989",2.5,0,1,0
"1990",2.55,1,1,0
"1991",2.31,0,1,1
"1992",2.21,1,1,0
"1993",2.84,0,1,0
"1994",2.595,1,1,0
"1995",2.84,1,1,0
"1996",2.37,0,1,0
"1997",2.55,0,1,0
"1998",2.67,1,1,0
"1999",2.735,1,1,0
"2000",2.99,0,1,0
